pin3,district,orders,skus,styles,pincodes,returned,orders_per_day
560,BENGALURU URBAN,11581,3754,1025,107,144,127.26
400,MUMBAI SUBURBAN,8291,3262,983,113,83,91.11
500,HYDERABAD,8045,3061,945,101,132,88.41
110,WEST,6126,2736,900,93,106,67.32
600,CHENNAI,5517,2512,878,125,72,60.63
411,PUNE,4240,2155,780,56,66,46.59
201,GAUTAM BUDDHA NAGAR,3419,1870,734,35,77,37.57
700,KOLKATA,3197,1817,722,155,69,35.13
122,GURUGRAM,2125,1370,614,30,26,23.35
226,LUCKNOW,1397,1004,508,37,40,15.35
421,THANE,1247,890,474,29,12,13.7
401,PALGHAR,1117,844,462,32,13,12.27
403,NORTH GOA,1007,796,452,81,10,11.07
641,COIMBATORE,1003,753,402,83,13,11.02
380,AHMADABAD,963,748,424,32,17,10.58
302,JAIPUR,915,718,398,30,14,10.05
682,ERNAKULAM,885,643,381,66,9,9.73
695,THIRUVANANTHAPURAM,839,635,359,105,6,9.22
410,RAIGAD,793,641,386,27,12,8.71
530,VISAKHAPATANAM,776,629,369,37,13,8.53
121,FARIDABAD,750,614,360,15,13,8.24
781,KAMRUP METRO,730,606,368,66,27,8.02
412,PUNE,645,518,312,35,13,7.09
751,KHORDHA,625,512,319,26,16,6.87
248,DEHRADUN,597,508,311,25,19,6.56
440,NAGPUR,594,491,288,33,7,6.53
680,THRISSUR,589,483,304,127,8,6.47
800,PATNA,567,450,288,21,20,6.23
390,VADODARA,548,468,308,25,3,6.02
382,AHMADABAD,531,457,299,51,8,5.84
522,GUNTUR,515,432,254,69,5,5.66
208,KANPUR NAGAR,470,407,264,26,15,5.16
452,INDORE,469,404,275,19,6,5.15
160,CHANDIGARH,463,419,273,35,10,5.09
517,CHITTOOR,457,376,244,57,10,5.02
686,KOTTAYAM,453,350,225,108,4,4.98
673,KOZHIKODE,451,347,220,100,4,4.96
502,SANGAREDDY,432,360,222,36,6,4.75
462,BHOPAL,431,366,241,29,2,4.74
533,EAST GODAVARI,407,350,231,75,10,4.47
834,RANCHI,403,333,231,9,14,4.43
570,MYSURU,400,359,238,29,4,4.4
670,KANNUR,392,309,205,86,12,4.31
562,BENGALURU URBAN,382,333,224,28,10,4.2
422,NASHIK,381,342,237,33,10,4.19
221,VARANASI,373,325,222,35,10,4.1
524,SPSR NELLORE,370,321,213,44,16,4.07
577,SHIVAMOGGA,366,314,214,69,7,4.02
625,MADURAI,362,296,198,51,7,3.98
140,S.A.S Nagar,354,305,204,23,8,3.89
575,DAKSHINA KANNADA,354,305,212,25,2,3.89
520,KRISHNA,344,303,206,13,6,3.78
603,CHENGALPATTU,342,297,216,24,3,3.76
144,JALANDHAR,327,290,210,66,4,3.59
713,PASCHIM BARDHAMAN,322,283,202,60,7,3.54
263,NAINITAL,319,274,189,29,6,3.51
683,ERNAKULAM,312,271,201,50,4,3.43
211,PRAYAGRAJ,302,276,195,12,7,3.32
395,SURAT,301,276,213,13,4,3.31
711,HOWRAH,298,262,191,34,14,3.27
416,KOLHAPUR,294,264,191,66,3,3.23
605,PONDICHERRY,293,258,192,28,3,3.22
431,AURANGABAD,293,264,188,50,9,3.22
795,IMPHAL WEST,280,243,173,19,3,3.08
394,SURAT,271,244,178,40,2,2.98
734,DARJEELING,266,244,183,30,10,2.92
534,WEST GODAVARI,265,228,164,62,3,2.91
273,GORAKHPUR,259,226,166,38,7,2.85
831,EAST SINGHBUM,255,228,156,17,12,2.8
515,ANANTAPUR,253,225,166,39,7,2.78
413,SOLAPUR,250,226,171,52,3,2.75
506,WARANGAL URBAN,245,216,152,35,2,2.69
689,PATHANAMTHITTA,244,213,149,83,1,2.68
521,KRISHNA,242,220,166,45,6,2.66
250,MEERUT,239,220,152,22,4,2.63
360,RAJKOT,238,224,169,20,3,2.62
691,KOLLAM,238,203,150,67,7,2.62
505,KARIMNAGAR,234,215,145,41,4,2.57
574,DAKSHINA KANNADA,230,201,145,59,1,2.53
143,AMRITSAR,227,208,163,34,7,2.49
632,VELLORE,226,208,162,33,3,2.48
678,PALAKKAD,224,209,151,70,5,2.46
636,SALEM,222,203,141,56,6,2.44
396,VALSAD,219,198,147,34,2,2.41
629,KANNIYAKUMARI,218,197,147,52,9,2.4
313,UDAIPUR,215,201,145,17,1,2.36
744,SOUTH ANDAMANS,212,190,146,11,11,2.33
580,DHARWAD,212,188,132,21,2,2.33
282,AGRA,210,188,142,10,4,2.31
141,LUDHIANA,210,192,141,26,6,2.31
415,SATARA,205,184,129,43,10,2.25
679,PALAKKAD,203,176,126,60,8,2.23
492,RAIPUR,201,181,144,16,2,2.21
501,RANGA REDDY,201,188,139,15,4,2.21
523,PRAKASAM,199,178,136,48,2,2.19
243,BAREILLY,199,180,136,22,6,2.19
180,JAMMU,197,185,138,16,3,2.16
571,KODAGU,194,176,127,60,2,2.13
712,HOOGHLY,194,181,136,47,6,2.13
441,NAGPUR,190,171,122,41,3,2.09
244,MORADABAD,186,169,131,22,10,2.04
444,AMRAVATI,185,168,124,41,12,2.03
516,Y.S.R.,184,168,121,33,5,2.02
576,UDUPI,182,173,132,37,6,2.0
620,TIRUCHIRAPPALLI,182,165,121,24,1,2.0
721,MEDINIPUR WEST,180,166,135,51,4,1.98
737,EAST DISTRICT,174,154,113,12,6,1.91
176,KANGRA,173,163,127,44,4,1.9
627,TIRUNELVELI,171,158,109,47,5,1.88
482,JABALPUR,170,160,130,10,7,1.87
585,KALABURAGI,170,155,120,28,2,1.87
581,UTTARA KANNADA,170,157,120,47,4,1.87
638,ERODE,168,156,120,44,3,1.85
635,KRISHNAGIRI,168,162,122,28,5,1.85
249,HARIDWAR,167,157,123,23,5,1.84
342,JODHPUR,164,150,113,21,6,1.8
797,DIMAPUR,163,132,86,8,10,1.79
495,BILASPUR,163,148,110,31,2,1.79
134,PANCHKULA,158,152,125,12,2,1.74
518,KURNOOL,157,144,111,26,3,1.73
743,24 PARAGANAS NORTH,157,150,124,60,5,1.73
190,SRINAGAR,153,143,112,20,6,1.68
786,DIBRUGARH,152,139,114,26,6,1.67
785,JORHAT,152,136,108,34,9,1.67
171,SHIMLA,151,133,100,20,2,1.66
247,SAHARANPUR,149,142,112,18,1,1.64
801,PATNA,146,133,104,15,5,1.6
262,KHERI,145,130,101,21,3,1.59
572,TUMAKURU,144,134,101,22,8,1.58
132,PANIPAT,142,137,112,9,2,1.56
676,MALAPPURAM,142,132,106,38,4,1.56
845,PURBI CHAMPARAN,139,124,94,16,2,1.53
474,GWALIOR,139,131,105,12,3,1.53
753,CUTTACK,139,131,101,13,6,1.53
793,EAST KHASI HILLS,137,127,94,21,3,1.51
509,MAHABUBNAGAR,136,125,91,25,7,1.49
531,VISAKHAPATANAM,135,126,100,27,3,1.48
507,KHAMMAM,135,125,95,31,4,1.48
301,ALWAR,133,129,106,14,3,1.46
246,BIJNOR,131,125,96,25,3,1.44
688,ALAPPUZHA,129,118,92,39,3,1.42
799,West Tripura,129,118,92,24,4,1.42
124,ROHTAK,129,123,101,12,3,1.42
131,SONIPAT,127,120,101,9,1,1.4
503,NIZAMABAD,125,118,95,23,5,1.37
442,CHANDRAPUR,125,120,95,24,4,1.37
690,ALAPPUZHA,124,107,84,46,1,1.36
768,SAMBALPUR,123,113,91,34,6,1.35
305,AJMER,122,117,104,19,2,1.34
583,BALLARI,120,113,93,21,0,1.32
752,KHORDHA,120,110,94,27,4,1.32
284,JHANSI,119,117,95,16,4,1.31
490,DURG,117,106,87,13,0,1.29
535,VIZIANAGARAM,116,105,84,28,5,1.27
175,MANDI,114,109,89,30,3,1.25
147,PATIALA,114,110,97,10,0,1.25
508,NALGONDA,113,102,85,19,2,1.24
425,JALGAON,112,106,85,26,4,1.23
125,HISAR,110,109,81,19,5,1.21
671,KASARAGOD,110,104,83,24,4,1.21
782,NAGAON,108,104,85,28,7,1.19
324,KOTA,108,102,85,9,2,1.19
590,BELAGAVI,107,102,82,11,3,1.18
209,FARRUKHABAD,107,101,79,30,2,1.18
631,KANCHIPURAM,106,101,82,15,2,1.16
202,ALIGARH,105,102,84,10,6,1.15
760,GANJAM,104,98,80,10,3,1.14
281,MATHURA,104,101,87,11,1,1.14
486,REWA,101,94,78,17,7,1.11
791,PAPUM PARE,101,91,71,10,4,1.11
123,REWARI,99,91,78,13,8,1.09
741,NADIA,98,92,78,27,2,1.08
788,CACHAR,96,90,75,31,9,1.05
854,PURNIA,96,92,78,24,4,1.05
173,SOLAN,96,91,72,19,4,1.05
754,CUTTACK,95,90,79,37,4,1.04
402,RAIGAD,95,91,82,26,2,1.04
370,KACHCHH,92,89,76,13,1,1.01
591,BELAGAVI,92,87,72,28,0,1.01
626,VIRUDHUNAGAR,92,87,75,21,6,1.01
224,AYODHYA,91,85,67,19,5,1.0
602,THIRUVALLUR,91,83,68,10,4,1.0
391,VADODARA,89,85,71,23,1,0.98
388,ANAND,89,86,72,24,2,0.98
231,SONBHADRA,89,81,67,19,6,0.98
414,AHMEDNAGAR,88,85,68,19,1,0.97
827,BOKARO,88,85,72,10,2,0.97
628,TUTICORIN,85,83,71,27,1,0.93
563,KOLAR,84,78,67,17,1,0.92
769,SUNDARGARH,83,82,73,12,0,0.91
532,SRIKAKULAM,83,80,67,28,3,0.91
784,SONITPUR,83,79,69,27,8,0.91
151,BATHINDA,82,77,67,15,2,0.9
759,DHENKANAL,79,76,61,23,1,0.87
181,JAMMU,79,75,65,18,5,0.87
685,IDUKKI,78,65,50,29,3,0.86
841,SARAN,78,74,62,24,1,0.86
491,DURG,77,74,62,12,2,0.85
613,THANJAVUR,75,73,64,13,1,0.82
609,MAYILADUTHURAI,75,74,62,19,1,0.82
783,KOKRAJHAR,75,74,67,23,1,0.82
573,HASSAN,74,70,59,12,3,0.81
842,MUZAFFARPUR,74,69,53,4,3,0.81
392,BHARUCH,73,71,63,7,2,0.8
271,GONDA,73,71,58,21,4,0.8
136,KURUKSHETRA,71,69,59,10,1,0.78
361,JAMNAGAR,70,70,62,17,0,0.77
607,CUDDALORE,68,66,58,17,1,0.75
206,ETAWAH,68,66,55,12,2,0.75
504,MANCHERIAL,68,63,58,19,1,0.75
624,DINDIGUL,68,66,60,21,0,0.75
362,JUNAGADH,65,60,58,18,1,0.71
606,TIRUVANNAMALAI,65,64,53,18,1,0.71
829,RAMGARH,65,62,46,22,2,0.71
363,MORBI,65,62,55,10,1,0.71
274,DEORIA,64,62,54,21,2,0.7
456,UJJAIN,64,62,53,8,0,0.7
826,DHANBAD,63,60,57,4,3,0.69
480,CHHINDWARA,63,62,54,12,4,0.69
389,DOHAD,63,60,58,13,1,0.69
496,RAIGARH,63,58,51,12,6,0.69
203,BULANDSHAHR,63,62,52,16,2,0.69
825,HAZARIBAGH,63,61,53,15,0,0.69
493,BALODA BAZAR,62,60,50,17,2,0.68
796,AIZAWL,62,56,46,9,4,0.68
334,BIKANER,62,61,53,8,2,0.68
742,MURSHIDABAD,62,62,55,25,0,0.68
637,NAMAKKAL,61,58,46,24,3,0.67
614,THANJAVUR,60,58,50,26,0,0.66
621,TIRUCHIRAPPALLI,59,52,46,30,0,0.65
756,BALESHWAR,59,58,54,23,1,0.65
242,SHAHJAHANPUR,59,58,53,11,1,0.65
194,LEH LADAKH,59,53,46,3,2,0.65
823,GAYA,58,57,44,3,5,0.64
276,AZAMGARH,57,55,52,19,0,0.63
828,DHANBAD,57,55,48,25,3,0.63
145,PATHANKOT,57,54,48,6,3,0.63
470,SAGAR,57,54,48,9,1,0.63
333,JHUNJHUNU,56,55,51,13,2,0.62
812,BHAGALPUR,56,56,52,6,3,0.62
364,BHAVNAGAR,56,53,46,15,1,0.62
384,MAHESANA,56,56,49,8,0,0.62
229,RAE BARELI,55,53,44,14,0,0.6
802,BHOJPUR,55,51,43,11,2,0.6
732,MALDAH,55,52,48,17,2,0.6
587,BAGALKOTE,54,53,42,13,3,0.59
494,BASTAR,54,52,46,15,1,0.59
251,MUZAFFARNAGAR,54,53,50,10,0,0.59
133,AMBALA,54,53,51,9,1,0.59
736,COOCHBEHAR,53,51,39,13,3,0.58
210,BANDA,53,49,44,13,3,0.58
445,YAVATMAL,52,50,48,9,0,0.57
586,VIJAYAPURA,52,50,45,13,2,0.57
642,COIMBATORE,52,48,43,18,2,0.57
639,KARUR,51,48,43,11,1,0.56
335,GANGANAGAR,51,51,43,15,4,0.56
735,JALPAIGURI,51,48,44,22,1,0.56
731,BIRBHUM,51,49,42,16,0,0.56
761,GANJAM,50,49,44,22,0,0.55
835,RANCHI,50,48,45,15,1,0.55
332,SIKAR,49,47,42,11,1,0.54
473,GUNA,49,47,39,12,2,0.54
630,SIVAGANGA,49,49,42,17,2,0.54
182,UDHAMPUR,48,48,45,9,0,0.53
225,BARABANKI,48,47,45,10,5,0.53
453,INDORE,48,45,41,8,2,0.53
584,RAICHUR,48,45,37,10,2,0.53
142,LUDHIANA,48,45,43,11,2,0.53
814,DEOGHAR,47,45,41,7,1,0.52
272,BASTI,47,45,40,18,2,0.52
135,YAMUNANAGAR,47,44,41,5,1,0.52
303,JAIPUR,47,47,46,17,1,0.52
497,SURAJPUR,46,42,37,13,2,0.51
811,MUNGER,46,46,41,15,4,0.51
764,KORAPUT,45,45,43,15,4,0.49
387,KHEDA,45,43,38,9,1,0.49
261,SITAPUR,45,44,41,12,1,0.49
212,FATEHPUR,44,43,41,18,0,0.48
383,SABAR KANTHA,44,42,39,12,1,0.48
847,MADHUBANI,44,37,31,26,1,0.48
245,HAPUR,44,41,36,8,2,0.48
803,NALANDA,43,42,38,17,2,0.47
227,Amethi,43,42,36,13,3,0.47
174,BILASPUR,43,42,37,15,3,0.47
770,SUNDARGARH,43,42,34,14,2,0.47
483,KATNI,41,39,39,8,1,0.45
423,NASHIK,41,41,35,15,1,0.45
177,HAMIRPUR,41,39,36,16,0,0.45
757,MAYURBHANJ,41,37,30,16,1,0.45
848,SAMASTIPUR,41,40,33,15,1,0.45
612,THANJAVUR,41,38,32,13,1,0.45
844,VAISHALI,40,38,35,13,2,0.44
758,KENDUJHAR,40,38,35,12,0,0.44
485,SATNA,40,40,39,6,0,0.44
601,THIRUVALLUR,39,37,34,7,1,0.43
152,FIROZEPUR,39,39,38,12,0,0.43
852,SAHARSA,38,37,33,14,0,0.42
846,DARBHANGA,38,38,31,7,0,0.42
331,CHURU,38,38,34,11,2,0.42
321,BHARATPUR,38,38,32,10,5,0.42
561,BENGALURU RURAL,38,38,34,7,1,0.42
311,BHILWARA,38,38,31,5,0,0.42
815,GIRIDIH,37,36,31,5,3,0.41
851,BEGUSARAI,37,37,32,15,2,0.41
643,THE NILGIRIS,37,37,35,11,3,0.41
484,SHAHDOL,37,37,34,13,1,0.41
481,BALAGHAT,37,36,33,8,1,0.41
794,WEST GARO HILLS,36,34,31,5,0,0.4
184,KATHUA,36,36,33,8,5,0.4
608,CUDDALORE,36,35,30,6,0,0.4
722,BANKURA,35,35,30,16,0,0.38
451,KHARGONE,35,32,28,12,3,0.38
393,BHARUCH,34,33,33,8,1,0.37
843,SITAMARHI,34,32,30,17,2,0.37
222,JAUNPUR,34,33,30,13,1,0.37
623,RAMANATHAPURAM,34,32,29,11,1,0.37
755,JAJAPUR,33,32,27,12,2,0.36
733,DINAJPUR UTTAR,33,33,31,12,1,0.36
283,FIROZABAD,33,32,30,14,1,0.36
457,RATLAM,33,33,31,8,1,0.36
766,KALAHANDI,32,30,27,11,3,0.35
461,HOSHANGABAD,32,31,30,10,1,0.35
450,BURHANPUR,32,32,32,5,0,0.35
285,ALIGARH,32,30,27,5,1,0.35
322,SAWAI MADHOPUR,31,31,30,8,2,0.34
824,AURANGABAD,31,31,28,12,2,0.34
241,HARDOI,31,31,28,8,2,0.34
424,DHULE,31,31,30,8,0,0.34
833,WEST SINGHBHUM,31,31,27,6,0,0.34
277,BALLIA,31,28,28,9,1,0.34
385,BANAS KANTHA,30,30,27,8,0,0.33
765,RAYAGADA,30,30,28,8,1,0.33
341,NAGAUR,30,28,25,9,4,0.33
832,EAST SINGHBUM,29,29,27,9,4,0.32
307,SIROHI,29,29,28,9,1,0.32
230,PRATAPGARH,29,27,24,10,0,0.32
767,BALANGIR,29,29,28,9,1,0.32
458,MANDSAUR,28,27,25,8,2,0.31
325,BARAN,28,28,25,8,0,0.31
723,PURULIA,27,26,25,10,0,0.3
855,KATIHAR,27,25,24,7,1,0.3
148,SANGRUR,27,27,26,7,0,0.3
466,SEHORE,27,26,23,5,0,0.3
464,RAISEN,27,26,24,12,1,0.3
582,GADAG,27,26,23,9,0,0.3
471,CHHATARPUR,26,25,20,3,0,0.29
233,GHAZIPUR,26,26,23,4,3,0.29
207,Kasganj,26,26,23,7,1,0.29
228,SULTANPUR,26,23,21,7,2,0.29
476,MORENA,26,26,21,4,1,0.29
192,ANANTNAG,25,23,20,8,0,0.27
443,BULDHANA,25,25,24,10,2,0.27
813,BHAGALPUR,25,25,25,11,0,0.27
455,DEWAS,25,25,23,5,0,0.27
205,MAINPURI,25,24,22,7,0,0.27
792,LOHIT,24,23,19,5,0,0.26
172,SHIMLA,24,23,21,9,0,0.26
460,BETUL,24,24,22,9,0,0.26
314,DUNGARPUR,24,23,22,8,3,0.26
312,CHITTORGARH,24,24,23,7,0,0.26
304,TONK,23,23,22,6,0,0.25
232,CHANDAULI,22,21,19,11,0,0.24
323,BUNDI,22,21,21,5,0,0.24
126,JIND,22,22,20,3,0,0.24
604,VILLUPURAM,22,21,20,6,0,0.24
821,ROHTAS,22,22,22,6,0,0.24
146,HOSHIARPUR,21,21,18,5,1,0.23
804,JEHANABAD,21,20,17,7,1,0.23
454,DHAR,21,21,21,8,0,0.23
465,RAJGARH,20,18,14,8,0,0.22
127,BHIWANI,20,20,20,8,1,0.22
816,PAKUR,20,20,19,4,0,0.22
787,LAKHIMPUR,20,18,17,4,1,0.22
275,MAU,20,19,18,6,0,0.22
326,JHALAWAR,19,18,17,10,1,0.21
327,BANSWARA,19,19,18,5,0,0.21
610,THIRUVARUR,19,19,17,6,0,0.21
306,PALI,18,18,18,6,0,0.2
822,PALAMU,18,18,16,4,2,0.2
204,HATHRAS,17,17,16,6,1,0.19
487,NARSINGHPUR,16,16,15,5,0,0.18
622,PUDUKKOTTAI,15,15,13,4,1,0.16
611,NAGAPATTINAM,13,13,12,7,0,0.14
475,DATIA,12,12,12,5,0,0.13
365,AMRELI,12,12,12,8,2,0.13
762,KANDHAMAL,12,12,12,5,0,0.13
763,KORAPUT,11,11,11,3,1,0.12
345,JAISALMER,11,11,10,3,0,0.12
805,NAWADA,11,11,11,4,0,0.12
191,Budgam,10,10,9,4,1,0.11
343,JALORE,10,10,9,3,0,0.11
344,BARMER,10,10,10,2,0,0.11
328,DHOLPUR,9,9,9,4,0,0.1
472,Niwari,9,8,8,4,1,0.1
193,BARAMULLA,8,8,8,4,0,0.09
223,AZAMGARH,7,7,7,6,0,0.08
477,BHIND,7,7,7,5,0,0.08
185,RAJOURI,5,5,5,3,0,0.05
853,BHAGALPUR,5,5,5,2,1,0.05
488,PANNA,3,3,3,2,0,0.03
798,MOKOKCHUNG,2,2,2,1,0,0.02
790,WEST KAMENG,1,1,1,1,0,0.01
