pin3,district,parcels,matched,match_rate,low_95,high_95
560,BENGALURU URBAN,136,49,0.36,0.284,0.444
500,MEDCHAL MALKAJGIRI,124,45,0.363,0.284,0.45
110,EAST,101,27,0.267,0.191,0.361
400,THANE,76,24,0.316,0.222,0.427
700,24 PARAGANAS NORTH,68,11,0.162,0.093,0.267
201,GAUTAM BUDDHA NAGAR,68,16,0.235,0.15,0.349
600,CHENGALPATTU,66,19,0.288,0.193,0.406
411,PUNE,60,15,0.25,0.158,0.372
226,LUCKNOW,38,4,0.105,0.042,0.241
781,KAMRUP METRO,26,1,0.038,0.007,0.189
122,GURUGRAM,24,0,0.0,0.0,0.138
248,DEHRADUN,19,0,0.0,0.0,0.168
800,PATNA,18,1,0.056,0.01,0.258
208,KANPUR NAGAR,15,0,0.0,0.0,0.204
751,KHORDHA,15,2,0.133,0.037,0.379
524,SPSR NELLORE,15,2,0.133,0.037,0.379
380,AHMADABAD,15,2,0.133,0.037,0.379
834,RANCHI,14,1,0.071,0.013,0.315
302,JAIPUR,14,0,0.0,0.0,0.215
530,VISAKHAPATANAM,13,1,0.077,0.014,0.333
401,THANE,13,0,0.0,0.0,0.228
412,PUNE,13,0,0.0,0.0,0.228
670,KANNUR,12,1,0.083,0.015,0.354
711,HOWRAH,12,0,0.0,0.0,0.243
831,SARAIKELA KHARSAWAN,12,0,0.0,0.0,0.243
410,RAIGAD,11,0,0.0,0.0,0.259
444,AMRAVATI,11,1,0.091,0.016,0.377
121,FARIDABAD,11,0,0.0,0.0,0.259
744,SOUTH ANDAMANS,11,1,0.091,0.016,0.377
641,TIRUPPUR,11,0,0.0,0.0,0.259
422,NASHIK,10,1,0.1,0.018,0.404
421,THANE,10,0,0.0,0.0,0.278
403,SOUTH GOA,10,1,0.1,0.018,0.404
797,DIMAPUR,10,0,0.0,0.0,0.278
244,MORADABAD,10,1,0.1,0.018,0.404
562,RAMANAGARA,10,0,0.0,0.0,0.278
533,EAST GODAVARI,10,2,0.2,0.057,0.51
221,VARANASI,9,0,0.0,0.0,0.299
734,KALIMPONG,9,1,0.111,0.02,0.435
788,CACHAR,9,0,0.0,0.0,0.299
415,SATARA,9,1,0.111,0.02,0.435
431,PARBHANI,9,0,0.0,0.0,0.299
785,JORHAT,9,0,0.0,0.0,0.299
784,SONITPUR,8,0,0.0,0.0,0.324
160,CHANDIGARH,8,0,0.0,0.0,0.324
140,PATIALA,8,2,0.25,0.071,0.591
517,CHITTOOR,8,0,0.0,0.0,0.324
679,MALAPPURAM,8,1,0.125,0.022,0.471
572,TUMAKURU,8,0,0.0,0.0,0.324
682,ERNAKULAM,8,1,0.125,0.022,0.471
509,MAHABUBNAGAR,7,1,0.143,0.026,0.513
629,KANNIYAKUMARI,7,0,0.0,0.0,0.354
486,REWA,7,1,0.143,0.026,0.513
211,PRAYAGRAJ,7,0,0.0,0.0,0.354
143,AMRITSAR,7,0,0.0,0.0,0.354
713,PURBA BARDHAMAN,7,1,0.143,0.026,0.513
691,KOLLAM,7,1,0.143,0.026,0.513
515,ANANTAPUR,7,1,0.143,0.026,0.513
123,REWARI,7,0,0.0,0.0,0.354
625,MADURAI,7,0,0.0,0.0,0.354
190,SRINAGAR,6,0,0.0,0.0,0.39
753,CUTTACK,6,0,0.0,0.0,0.39
768,SAMBALPUR,6,0,0.0,0.0,0.39
786,TINSUKIA,6,0,0.0,0.0,0.39
782,NAGAON,6,0,0.0,0.0,0.39
737,SOUTH DISTRICT,6,0,0.0,0.0,0.39
202,ALIGARH,6,0,0.0,0.0,0.39
263,NAINITAL,6,1,0.167,0.03,0.564
695,THIRUVANANTHAPURAM,6,1,0.167,0.03,0.564
502,SANGAREDDY,6,0,0.0,0.0,0.39
496,RAIGARH,6,0,0.0,0.0,0.39
452,INDORE,6,1,0.167,0.03,0.564
482,JABALPUR,6,0,0.0,0.0,0.39
382,GANDHINAGAR,6,0,0.0,0.0,0.39
577,SHIVAMOGGA,6,1,0.167,0.03,0.564
440,NAGPUR,6,0,0.0,0.0,0.39
712,HOOGHLY,6,0,0.0,0.0,0.39
626,VIRUDHUNAGAR,6,0,0.0,0.0,0.39
680,THRISSUR,6,0,0.0,0.0,0.39
243,BUDAUN,6,1,0.167,0.03,0.564
231,SONBHADRA,6,0,0.0,0.0,0.39
636,SALEM,6,0,0.0,0.0,0.39
273,GORAKHPUR,6,1,0.167,0.03,0.564
521,KRISHNA,6,0,0.0,0.0,0.39
576,UDUPI,6,0,0.0,0.0,0.39
141,LUDHIANA,6,1,0.167,0.03,0.564
342,JODHPUR,6,1,0.167,0.03,0.564
181,JAMMU,5,0,0.0,0.0,0.434
225,BARABANKI,5,0,0.0,0.0,0.434
184,SAMBA,5,0,0.0,0.0,0.434
801,PATNA,5,0,0.0,0.0,0.434
823,GAYA,5,0,0.0,0.0,0.434
743,24 PARAGANAS SOUTH,5,1,0.2,0.036,0.624
224,AYODHYA,5,2,0.4,0.118,0.769
520,KRISHNA,5,0,0.0,0.0,0.434
635,VELLORE,5,0,0.0,0.0,0.434
627,TENKASI,5,0,0.0,0.0,0.434
678,PALAKKAD,5,1,0.2,0.036,0.624
522,GUNTUR,5,0,0.0,0.0,0.434
321,BHARATPUR,5,0,0.0,0.0,0.434
503,KAMAREDDY,5,0,0.0,0.0,0.434
125,HISAR,4,0,0.0,0.0,0.49
832,EAST SINGHBUM,4,0,0.0,0.0,0.49
442,CHANDRAPUR,4,0,0.0,0.0,0.49
395,SURAT,4,0,0.0,0.0,0.49
501,RANGA REDDY,4,0,0.0,0.0,0.49
335,HANUMANGARH,4,0,0.0,0.0,0.49
507,KHAMMAM,4,0,0.0,0.0,0.49
341,NAGAUR,4,0,0.0,0.0,0.49
480,CHHINDWARA,4,0,0.0,0.0,0.49
173,SIRMAUR,4,0,0.0,0.0,0.49
791,PAPUM PARE,4,0,0.0,0.0,0.49
796,AIZAWL,4,0,0.0,0.0,0.49
686,KOTTAYAM,4,1,0.25,0.046,0.699
271,SHRAVASTI,4,0,0.0,0.0,0.49
721,MEDINIPUR EAST,4,1,0.25,0.046,0.699
752,KHORDHA,4,0,0.0,0.0,0.49
764,KORAPUT,4,0,0.0,0.0,0.49
671,KASARAGOD,4,0,0.0,0.0,0.49
683,ERNAKULAM,4,0,0.0,0.0,0.49
249,DEHRADUN,4,0,0.0,0.0,0.49
673,MAHE,4,1,0.25,0.046,0.699
676,MALAPPURAM,4,0,0.0,0.0,0.49
284,JHANSI,4,0,0.0,0.0,0.49
282,AGRA,4,0,0.0,0.0,0.49
602,THIRUVALLUR,4,0,0.0,0.0,0.49
581,UTTARA KANNADA,4,0,0.0,0.0,0.49
570,MYSURU,4,0,0.0,0.0,0.49
535,VIZIANAGARAM,4,1,0.25,0.046,0.699
144,Shahid Bhagat Singh Nagar,4,0,0.0,0.0,0.49
811,LAKHISARAI,4,0,0.0,0.0,0.49
176,KANGRA,4,0,0.0,0.0,0.49
590,BELAGAVI,3,0,0.0,0.0,0.562
573,HASSAN,3,0,0.0,0.0,0.562
314,DUNGARPUR,3,0,0.0,0.0,0.562
632,VELLORE,3,1,0.333,0.061,0.792
637,NAMAKKAL,3,1,0.333,0.061,0.792
233,GHAZIPUR,3,0,0.0,0.0,0.562
250,MEERUT,3,0,0.0,0.0,0.562
587,BAGALKOTE,3,0,0.0,0.0,0.562
603,CHENGALPATTU,3,0,0.0,0.0,0.562
301,ALWAR,3,0,0.0,0.0,0.562
227,Amethi,3,0,0.0,0.0,0.562
605,PONDICHERRY,3,1,0.333,0.061,0.792
534,WEST GODAVARI,3,0,0.0,0.0,0.562
793,WEST JAINTIA HILLS,3,0,0.0,0.0,0.562
795,THOUBAL,3,1,0.333,0.061,0.792
799,West Tripura,3,0,0.0,0.0,0.562
180,JAMMU,3,0,0.0,0.0,0.562
815,GIRIDIH,3,0,0.0,0.0,0.562
826,DHANBAD,3,0,0.0,0.0,0.562
812,BHAGALPUR,3,0,0.0,0.0,0.562
175,MANDI,3,0,0.0,0.0,0.562
174,SOLAN,3,0,0.0,0.0,0.562
145,PATHANKOT,3,0,0.0,0.0,0.562
766,KALAHANDI,3,0,0.0,0.0,0.562
760,GANJAM,3,0,0.0,0.0,0.562
754,KENDRAPARA,3,0,0.0,0.0,0.562
736,COOCHBEHAR,3,0,0.0,0.0,0.562
688,ALAPPUZHA,3,0,0.0,0.0,0.562
262,PITHORAGARH,3,0,0.0,0.0,0.562
390,VADODARA,3,0,0.0,0.0,0.562
441,BHANDARA,3,1,0.333,0.061,0.792
425,JALGAON,3,0,0.0,0.0,0.562
416,SINDHUDURG,3,0,0.0,0.0,0.562
360,RAJKOT,3,0,0.0,0.0,0.562
505,RAJANNA SIRCILLA,3,0,0.0,0.0,0.562
531,VISAKHAPATANAM,3,0,0.0,0.0,0.562
451,KHARGONE,3,1,0.333,0.061,0.792
413,PUNE,3,0,0.0,0.0,0.562
854,SUPAUL,3,0,0.0,0.0,0.562
516,Y.S.R.,3,0,0.0,0.0,0.562
643,THE NILGIRIS,3,0,0.0,0.0,0.562
685,IDUKKI,3,0,0.0,0.0,0.562
842,MUZAFFARPUR,3,0,0.0,0.0,0.562
828,DHANBAD,3,0,0.0,0.0,0.562
124,JHAJJAR,3,0,0.0,0.0,0.562
508,SURYAPET,2,0,0.0,0.0,0.658
518,KURNOOL,2,1,0.5,0.095,0.905
523,PRAKASAM,2,0,0.0,0.0,0.658
532,SRIKAKULAM,2,0,0.0,0.0,0.658
324,KOTA,2,0,0.0,0.0,0.658
331,CHURU,2,0,0.0,0.0,0.658
506,MAHABUBABAD,2,0,0.0,0.0,0.658
365,AMRELI,2,0,0.0,0.0,0.658
322,SAWAI MADHOPUR,2,0,0.0,0.0,0.658
492,RAIPUR,2,0,0.0,0.0,0.658
392,BHARUCH,2,0,0.0,0.0,0.658
829,RAMGARH,2,0,0.0,0.0,0.658
844,MUZAFFARPUR,2,0,0.0,0.0,0.658
134,AMBALA,2,0,0.0,0.0,0.658
142,MOGA,2,1,0.5,0.095,0.905
845,PASHCHIM CHAMPARAN,2,0,0.0,0.0,0.658
827,BOKARO,2,0,0.0,0.0,0.658
822,PALAMU,2,0,0.0,0.0,0.658
802,BHOJPUR,2,0,0.0,0.0,0.658
803,NALANDA,2,0,0.0,0.0,0.658
770,SUNDARGARH,2,0,0.0,0.0,0.658
171,SHIMLA,2,0,0.0,0.0,0.658
151,BATHINDA,2,0,0.0,0.0,0.658
755,JAJAPUR,2,0,0.0,0.0,0.658
210,BANDA,2,0,0.0,0.0,0.658
209,KANNAUJ,2,0,0.0,0.0,0.658
732,MALDAH,2,1,0.5,0.095,0.905
203,BULANDSHAHR,2,0,0.0,0.0,0.658
194,LEH LADAKH,2,0,0.0,0.0,0.658
495,KORBA,2,0,0.0,0.0,0.658
473,GUNA,2,0,0.0,0.0,0.658
132,PANIPAT,2,0,0.0,0.0,0.658
851,BEGUSARAI,2,0,0.0,0.0,0.658
388,Mahisagar,2,0,0.0,0.0,0.658
843,SITAMARHI,2,0,0.0,0.0,0.658
453,INDORE,2,0,0.0,0.0,0.658
474,GWALIOR,2,0,0.0,0.0,0.658
741,NADIA,2,0,0.0,0.0,0.658
638,ERODE,2,0,0.0,0.0,0.658
206,ETAWAH,2,0,0.0,0.0,0.658
642,COIMBATORE,2,0,0.0,0.0,0.658
630,SIVAGANGA,2,0,0.0,0.0,0.658
246,BIJNOR,2,0,0.0,0.0,0.658
274,KUSHI NAGAR,2,0,0.0,0.0,0.658
272,BASTI,2,0,0.0,0.0,0.658
585,KALABURAGI,2,0,0.0,0.0,0.658
586,VIJAYAPURA,2,0,0.0,0.0,0.658
575,DAKSHINA KANNADA,2,0,0.0,0.0,0.658
334,BIKANER,2,0,0.0,0.0,0.658
333,JHUNJHUNU,2,0,0.0,0.0,0.658
493,BALODA BAZAR,2,0,0.0,0.0,0.658
462,BHOPAL,2,0,0.0,0.0,0.658
394,SURAT,2,0,0.0,0.0,0.658
396,VALSAD,2,0,0.0,0.0,0.658
402,RAIGAD,2,0,0.0,0.0,0.658
458,MANDSAUR,2,0,0.0,0.0,0.658
497,KOREA,2,0,0.0,0.0,0.658
491,KABIRDHAM,2,0,0.0,0.0,0.658
136,KURUKSHETRA,1,0,0.0,0.0,0.793
135,YAMUNANAGAR,1,1,1.0,0.207,1.0
127,BHIWANI,1,0,0.0,0.0,0.793
476,MORENA,1,0,0.0,0.0,0.793
481,MANDLA,1,0,0.0,0.0,0.793
483,KATNI,1,0,0.0,0.0,0.793
389,DOHAD,1,0,0.0,0.0,0.793
414,AHMEDNAGAR,1,0,0.0,0.0,0.793
423,NASHIK,1,0,0.0,0.0,0.793
393,BHARUCH,1,0,0.0,0.0,0.793
391,VADODARA,1,0,0.0,0.0,0.793
457,ALIRAJPUR,1,0,0.0,0.0,0.793
133,AMBALA,1,0,0.0,0.0,0.793
131,SONIPAT,1,0,0.0,0.0,0.793
847,DARBHANGA,1,0,0.0,0.0,0.793
841,SIWAN,1,1,1.0,0.207,1.0
835,RANCHI,1,1,1.0,0.207,1.0
848,SAMASTIPUR,1,0,0.0,0.0,0.793
853,MADHEPURA,1,0,0.0,0.0,0.793
370,KACHCHH,1,0,0.0,0.0,0.793
383,SABAR KANTHA,1,0,0.0,0.0,0.793
387,KHEDA,1,0,0.0,0.0,0.793
363,SURENDRANAGAR,1,0,0.0,0.0,0.793
362,GIR SOMNATH,1,0,0.0,0.0,0.793
364,BHAVNAGAR,1,0,0.0,0.0,0.793
504,MANCHERIAL,1,0,0.0,0.0,0.793
494,KONDAGAON,1,0,0.0,0.0,0.793
484,ANUPPUR,1,0,0.0,0.0,0.793
326,KOTA,1,1,1.0,0.207,1.0
332,SIKAR,1,0,0.0,0.0,0.793
464,VIDISHA,1,0,0.0,0.0,0.793
461,HOSHANGABAD,1,0,0.0,0.0,0.793
443,BULDHANA,1,0,0.0,0.0,0.793
472,TIKAMGARH,1,0,0.0,0.0,0.793
470,SAGAR,1,0,0.0,0.0,0.793
622,PUDUKKOTTAI,1,0,0.0,0.0,0.793
612,THANJAVUR,1,0,0.0,0.0,0.793
609,NAGAPATTINAM,1,0,0.0,0.0,0.793
606,TIRUVANNAMALAI,1,0,0.0,0.0,0.793
607,CUDDALORE,1,0,0.0,0.0,0.793
580,DHARWAD,1,0,0.0,0.0,0.793
584,RAICHUR,1,0,0.0,0.0,0.793
563,KOLAR,1,0,0.0,0.0,0.793
561,BENGALURU RURAL,1,0,0.0,0.0,0.793
571,KODAGU,1,0,0.0,0.0,0.793
574,DAKSHINA KANNADA,1,1,1.0,0.207,1.0
283,FIROZABAD,1,0,0.0,0.0,0.793
281,MATHURA,1,0,0.0,0.0,0.793
601,KANCHIPURAM,1,0,0.0,0.0,0.793
277,BALLIA,1,0,0.0,0.0,0.793
285,ALIGARH,1,0,0.0,0.0,0.793
623,RAMANATHAPURAM,1,0,0.0,0.0,0.793
631,KANCHIPURAM,1,0,0.0,0.0,0.793
303,JAIPUR,1,0,0.0,0.0,0.793
245,HAPUR,1,0,0.0,0.0,0.793
242,SHAHJAHANPUR,1,0,0.0,0.0,0.793
241,HARDOI,1,0,0.0,0.0,0.793
639,KARUR,1,0,0.0,0.0,0.793
628,TUTICORIN,1,0,0.0,0.0,0.793
305,AJMER,1,0,0.0,0.0,0.793
307,JALORE,1,0,0.0,0.0,0.793
313,UDAIPUR,1,0,0.0,0.0,0.793
620,TIRUCHIRAPPALLI,1,0,0.0,0.0,0.793
613,THANJAVUR,1,0,0.0,0.0,0.793
690,ALAPPUZHA,1,0,0.0,0.0,0.793
689,PATHANAMTHITTA,1,0,0.0,0.0,0.793
735,JALPAIGURI,1,0,0.0,0.0,0.793
733,DINAJPUR UTTAR,1,0,0.0,0.0,0.793
261,SITAPUR,1,0,0.0,0.0,0.793
204,HATHRAS,1,0,0.0,0.0,0.793
765,RAYAGADA,1,0,0.0,0.0,0.793
763,KORAPUT,1,0,0.0,0.0,0.793
757,MAYURBHANJ,1,0,0.0,0.0,0.793
759,DHENKANAL,1,0,0.0,0.0,0.793
756,BALESHWAR,1,0,0.0,0.0,0.793
207,Kasganj,1,0,0.0,0.0,0.793
222,JAUNPUR,1,0,0.0,0.0,0.793
783,CHIRANG,1,0,0.0,0.0,0.793
146,HOSHIARPUR,1,0,0.0,0.0,0.793
787,DHEMAJI,1,0,0.0,0.0,0.793
767,BALANGIR,1,0,0.0,0.0,0.793
191,SRINAGAR,1,0,0.0,0.0,0.793
804,JEHANABAD,1,0,0.0,0.0,0.793
814,DUMKA,1,0,0.0,0.0,0.793
824,GAYA,1,0,0.0,0.0,0.793
855,KATIHAR,1,0,0.0,0.0,0.793
